{"cameraMode":{"drawMode":0,"name":"Shaded","section":"Shading Mode"},"sceneLighting":true,"audioPlay":false,"sceneViewState":{"showFog":true,"showMaterialUpdate":false,"showSkybox":true,"showFlares":true,"showImageEffects":true,"showParticleSystems":true},"in2DMode":false,"pivot":{"x":-0.2934417724609375,"y":-17.873703002929689,"z":34.23309326171875},"rotation":{"x":-0.0976262167096138,"y":0.6575537919998169,"z":-0.08650769293308258,"w":-0.7420546412467957},"size":183.5318603515625,"orthographic":false}